<?xml version="1.0" encoding="UTF-8" standalone="yes"?>
<addon id="plugin.program.denham" name="[COLOR red][B]#[/B][/COLOR]1[COLOR blue][B] Guru[/B][/COLOR][COLOR yellow] Wizard[/COLOR]" version="2021.06.01" provider-name="#1 Guru">
    <requires>
        <import addon="xbmc.python" version="3.0.0" />
        <import addon="script.module.requests" />
        <import addon="script.module.six" />
        <import addon="script.kodi.android.update" optional="true" version="1.1.7" />
    </requires>
    
    <extension point="xbmc.python.pluginsource" library="default.py">
        <provides>executable</provides>
    </extension>
    
    <extension point="xbmc.service" library="startup.py" start="startup" />
    
    <extension point="xbmc.addon.metadata">
        <summary lang="en">Welcome to the #1 Guru Wizard</summary>
        <description lang="en">[COLOR red][B]#[/B][/COLOR]1[COLOR blue][B] Guru[/B][/COLOR][COLOR yellow] Wizard[/COLOR] offers many maintenance features, selective add-on data saving, and automated build installs.</description>
        <platform>all</platform>
        <reuselanguageinvoker>false</reuselanguageinvoker>
        <source></source>
        <news>
v2021.06.01
 - Kodi 19 ready
 - Initial Commit
        </news>
        <assets>
            <icon>icon.png</icon>
            <fanart>fanart.jpg</fanart>
        </assets>
    </extension>
</addon>
