<?xml version="1.0" encoding="UTF-8" standalone="yes"?>
<addon id="script.number1guru.artwork" version="2019.03.24" name="Number1Guru Artwork" provider-name="Number1Guru">
	<extension point="kodi.resource.images" compile="false" type="images" />
	<requires>
		<import addon="xbmc.python" version="3.0.0"/>
	</requires>
	<extension point="xbmc.python.module" library="lib" />
	<extension point="xbmc.addon.metadata">
			<provides>images</provides>
		<summary>Themes for the Number1Guru Builds</summary>
		<description></description>
		<platform>all</platform>
		<assets>
            <icon>icon.png</icon>
            <fanart>fanart.jpg</fanart>
        </assets>
	</extension>
</addon>